Nom;Prénom;Adresse mail;Profession;Adresse postale;Emprunt 1 Code;Emprunt 1 Date;Emprunt 2 Code;Emprunt 2 Date;Emprunt 3 Code;Emprunt 3 Date
Arthur;Arthur;arthur;Etudiant;12 Rue 14560 Paris France;;;;;;
Cucu;PA;pacucu;Etudiant;85 Chemin 98562 Paris France;;;;;;
Lecuru;Hugo;hugol;Etudiant;84 Rue_De_La_Paix 94800 Paris France;;;;;;
Ruthra;Arthur;ruthra;Etudiant;12 Avenue 48520 Paris France;;;;;;
